,title,degrees,funds,date,location
0,Schaefer Halleen’s Social Equity Scholarship,"Master, Bachelor, Phd",$1000,30 June 2022,united-states
1,President’s Scholarship for Ukraine,"Master, Bachelor, Phd, Course",$2500,31 July 2022,united-states
2,International Students Diversity Contest 2022-2023,"Master, Bachelor, Phd, Course","Up to $2,000",22 December 2022,united-states
3,Master in Business Administration 80% OFF your Tuition fee,Master,80% Tuition Fees,15 September 2022,united-states
4,Improve Men’s Health Scholarship,"Master, Bachelor, Phd",$2000,31 May 2022,united-states
5,3 Month F1 Visa Study English in USA Scholarship with Windsor University,Course,$1455,1 July 2022,united-states
6,ArtUniverse,"Master, Course",Full or partial scholarship,30 December 2022,united-states
7,American Indian Scholarships at Augsburg University,Bachelor,Partial tuition fees,1 December 2022,united-states
8,International Contest for Students Support 2022-2023,"Master, Bachelor, Course","Up to $2,000 awards",28 April 2023,united-states
9,Scholarships for Africa,"Master, Bachelor, Phd, Course",$100 to $3000,24 March 2027,united-states
10,LAPTOP Scholarships - study Supply Chains,"Master, Bachelor, Phd, Course",up to $3000,6 May 2022,united-states
11,Medicine: Fully Funded Swansea & HMRI PhD Scholarship: Ovarian Cancer Chemoresistance,Phd,Full cost of tuition fees and an annual stipend,6 May 2022,united-states
12,New York University - September 11 Scholarships,"Master, Bachelor, Phd, Course",Pay any remaining balance.,30 June 2023,united-states
13,TKS Full-Ride Scholarship,Course,"100% Tuition Fee [value of $6,000+]",31 May 2022,united-states
14,Five scholarships of up to US$3000 for supply chain courses,"Master, Bachelor, Phd, Course",$3000,6 May 2022,united-states
15,GREAT Scholarship for Bangladesh Students in UK,Master,"£10,000",31 May 2022,united-kingdom
16,Diversity Scholarships for Africa and Latin American Students in UK,Master,50% scholarship,31 May 2022,united-kingdom
17,Beth Mead Scholarships for International Students at Teesside University,"Bachelor, Master","£1,200",31 August 2022,united-kingdom
18,Malaysia Scholarships at Nottingham Trent University,Master,"£4,000",29 June 2022,united-kingdom
19,PhD Studentships in Predictive Uncertainty in Computer Vision for International Students in UK,Master,"£16,062 p.a., tuition fees + £2,000 research grant",10 June 2022,united-kingdom
20,Strathclyde Business School MRes Scholarships in UK,Master,Tuition fees,,united-kingdom
21,International Students Diversity Contest 2022-2023,"Master, Bachelor, Phd, Course","Up to $2,000",22 December 2022,united-kingdom
22,Master in Business Administration 80% OFF your Tuition fee,Master,80% Tuition Fees,15 September 2022,united-kingdom
23,3 Month F1 Visa Study English in USA Scholarship with Windsor University,Course,$1455,1 July 2022,united-kingdom
24,ArtUniverse,"Master, Course",Full or partial scholarship,30 December 2022,united-kingdom
25,Engineering: Fully Funded MSc by Research at Swansea: Functional Construction Materials,Master,Full cost of UK tuition fees and an annual stipend,27 May 2022,united-kingdom
26,UEA Law School Country Specific Academic Excellence Scholarships in UK,Master,"£8,000 tuition fee reduction",31 May 2022,united-kingdom
27,Saraswati Dalmia Scholarship at SOAS University of London,"Phd, Master","Up to £5,353",2 May 2022,united-kingdom
28,The Professor Mike Walker OBE Scholarships for International Students in the UK,Master,"Up to £12,000 tuition fee reduction",11 July 2022,united-kingdom
29,PhD Studentships in Electronic,Phd,,3 December 2022,united-kingdom
30,International Students Diversity Contest 2022-2023,"Master, Bachelor, Phd, Course","Up to $2,000",22 December 2022,canada
31,Master in Business Administration 80% OFF your Tuition fee,Master,80% Tuition Fees,15 September 2022,canada
32,Improve Men’s Health Scholarship,"Master, Bachelor, Phd",$2000,31 May 2022,canada
33,3 Month F1 Visa Study English in USA Scholarship with Windsor University,Course,$1455,1 July 2022,canada
34,ArtUniverse,"Master, Course",Full or partial scholarship,30 December 2022,canada
35,International Contest for Students Support 2022-2023,"Master, Bachelor, Course","Up to $2,000 awards",28 April 2023,canada
36,Scholarships for Africa,"Master, Bachelor, Phd, Course",$100 to $3000,24 March 2027,canada
37,LAPTOP Scholarships - study Supply Chains,"Master, Bachelor, Phd, Course",up to $3000,6 May 2022,canada
38,TKS Full-Ride Scholarship,Course,"100% Tuition Fee [value of $6,000+]",31 May 2022,canada
39,Five scholarships of up to US$3000 for supply chain courses,"Master, Bachelor, Phd, Course",$3000,6 May 2022,canada
40,International No-Essay Support Competition Scholarships 2022-2023,"Master, Bachelor, Course","Up to $2,000",20 January 2023,canada
41,THGM MUSE Scholarship,Bachelor,US$500 or C$630,15 May 2022,canada
42,Master in Business Administration 80% OFF your Tuition fee - Scholarship,Master,80% off tuition fee,15 May 2022,canada
43,International Students Support Contest 2022-2023,"Master, Bachelor, Course","Up to $2,000 awards",30 June 2023,canada
44,Human Resource (HR) - Free Course From Windsor University's MBA,"Master, Course",100% free,14 May 2022,canada
45,International Students Diversity Contest 2022-2023,"Master, Bachelor, Phd, Course","Up to $2,000",22 December 2022,europe
46,Master in Business Administration 80% OFF your Tuition fee,Master,80% Tuition Fees,15 September 2022,europe
47,3 Month F1 Visa Study English in USA Scholarship with Windsor University,Course,$1455,1 July 2022,europe
48,ArtUniverse,"Master, Course",Full or partial scholarship,30 December 2022,europe
49,International Contest for Students Support 2022-2023,"Master, Bachelor, Course","Up to $2,000 awards",28 April 2023,europe
50,Scholarships for Africa,"Master, Bachelor, Phd, Course",$100 to $3000,24 March 2027,europe
51,LAPTOP Scholarships - study Supply Chains,"Master, Bachelor, Phd, Course",up to $3000,6 May 2022,europe
52,TKS Full-Ride Scholarship,Course,"100% Tuition Fee [value of $6,000+]",31 May 2022,europe
53,Five scholarships of up to US$3000 for supply chain courses,"Master, Bachelor, Phd, Course",$3000,6 May 2022,europe
54,International No-Essay Support Competition Scholarships 2022-2023,"Master, Bachelor, Course","Up to $2,000",20 January 2023,europe
55,THGM MUSE Scholarship,Bachelor,US$500 or C$630,15 May 2022,europe
56,Master in Business Administration 80% OFF your Tuition fee - Scholarship,Master,80% off tuition fee,15 May 2022,europe
57,International Students Support Contest 2022-2023,"Master, Bachelor, Course","Up to $2,000 awards",30 June 2023,europe
58,Becas Grisart 2022,Course,Take the courses free of charge.,25 May 2022,europe
59,Human Resource (HR) - Free Course From Windsor University's MBA,"Master, Course",100% free,14 May 2022,europe
60,International Students Diversity Contest 2022-2023,"Master, Bachelor, Phd, Course","Up to $2,000",22 December 2022,south-africa
61,Master in Business Administration 80% OFF your Tuition fee,Master,80% Tuition Fees,15 September 2022,south-africa
62,3 Month F1 Visa Study English in USA Scholarship with Windsor University,Course,$1455,1 July 2022,south-africa
63,ArtUniverse,"Master, Course",Full or partial scholarship,30 December 2022,south-africa
64,International Contest for Students Support 2022-2023,"Master, Bachelor, Course","Up to $2,000 awards",28 April 2023,south-africa
65,Scholarships for Africa,"Master, Bachelor, Phd, Course",$100 to $3000,24 March 2027,south-africa
66,LAPTOP Scholarships - study Supply Chains,"Master, Bachelor, Phd, Course",up to $3000,6 May 2022,south-africa
67,TKS Full-Ride Scholarship,Course,"100% Tuition Fee [value of $6,000+]",31 May 2022,south-africa
68,Five scholarships of up to US$3000 for supply chain courses,"Master, Bachelor, Phd, Course",$3000,6 May 2022,south-africa
69,International No-Essay Support Competition Scholarships 2022-2023,"Master, Bachelor, Course","Up to $2,000",20 January 2023,south-africa
70,THGM MUSE Scholarship,Bachelor,US$500 or C$630,15 May 2022,south-africa
71,Master in Business Administration 80% OFF your Tuition fee - Scholarship,Master,80% off tuition fee,15 May 2022,south-africa
72,International Students Support Contest 2022-2023,"Master, Bachelor, Course","Up to $2,000 awards",30 June 2023,south-africa
73,Human Resource (HR) - Free Course From Windsor University's MBA,"Master, Course",100% free,14 May 2022,south-africa
74,Project Management - Free Course From Windsor University's MBA,Course,100% free,14 May 2022,south-africa
75,International Students Diversity Contest 2022-2023,"Master, Bachelor, Phd, Course","Up to $2,000",22 December 2022,nigeria
76,Master in Business Administration 80% OFF your Tuition fee,Master,80% Tuition Fees,15 September 2022,nigeria
77,3 Month F1 Visa Study English in USA Scholarship with Windsor University,Course,$1455,1 July 2022,nigeria
78,ArtUniverse,"Master, Course",Full or partial scholarship,30 December 2022,nigeria
79,International Contest for Students Support 2022-2023,"Master, Bachelor, Course","Up to $2,000 awards",28 April 2023,nigeria
80,Scholarships for Africa,"Master, Bachelor, Phd, Course",$100 to $3000,24 March 2027,nigeria
81,LAPTOP Scholarships - study Supply Chains,"Master, Bachelor, Phd, Course",up to $3000,6 May 2022,nigeria
82,TKS Full-Ride Scholarship,Course,"100% Tuition Fee [value of $6,000+]",31 May 2022,nigeria
83,Five scholarships of up to US$3000 for supply chain courses,"Master, Bachelor, Phd, Course",$3000,6 May 2022,nigeria
84,International No-Essay Support Competition Scholarships 2022-2023,"Master, Bachelor, Course","Up to $2,000",20 January 2023,nigeria
85,THGM MUSE Scholarship,Bachelor,US$500 or C$630,15 May 2022,nigeria
86,Master in Business Administration 80% OFF your Tuition fee - Scholarship,Master,80% off tuition fee,15 May 2022,nigeria
87,International Students Support Contest 2022-2023,"Master, Bachelor, Course","Up to $2,000 awards",30 June 2023,nigeria
88,Human Resource (HR) - Free Course From Windsor University's MBA,"Master, Course",100% free,14 May 2022,nigeria
89,Project Management - Free Course From Windsor University's MBA,Course,100% free,14 May 2022,nigeria
90,International Students Diversity Contest 2022-2023,"Master, Bachelor, Phd, Course","Up to $2,000",22 December 2022,pakistan
91,Master in Business Administration 80% OFF your Tuition fee,Master,80% Tuition Fees,15 September 2022,pakistan
92,3 Month F1 Visa Study English in USA Scholarship with Windsor University,Course,$1455,1 July 2022,pakistan
93,ArtUniverse,"Master, Course",Full or partial scholarship,30 December 2022,pakistan
94,International Contest for Students Support 2022-2023,"Master, Bachelor, Course","Up to $2,000 awards",28 April 2023,pakistan
95,Scholarships for Africa,"Master, Bachelor, Phd, Course",$100 to $3000,24 March 2027,pakistan
96,LAPTOP Scholarships - study Supply Chains,"Master, Bachelor, Phd, Course",up to $3000,6 May 2022,pakistan
97,TKS Full-Ride Scholarship,Course,"100% Tuition Fee [value of $6,000+]",31 May 2022,pakistan
98,Five scholarships of up to US$3000 for supply chain courses,"Master, Bachelor, Phd, Course",$3000,6 May 2022,pakistan
99,International No-Essay Support Competition Scholarships 2022-2023,"Master, Bachelor, Course","Up to $2,000",20 January 2023,pakistan
100,THGM MUSE Scholarship,Bachelor,US$500 or C$630,15 May 2022,pakistan
101,Master in Business Administration 80% OFF your Tuition fee - Scholarship,Master,80% off tuition fee,15 May 2022,pakistan
102,International Students Support Contest 2022-2023,"Master, Bachelor, Course","Up to $2,000 awards",30 June 2023,pakistan
103,Human Resource (HR) - Free Course From Windsor University's MBA,"Master, Course",100% free,14 May 2022,pakistan
104,Project Management - Free Course From Windsor University's MBA,Course,100% free,14 May 2022,pakistan
105,International Students Diversity Contest 2022-2023,"Master, Bachelor, Phd, Course","Up to $2,000",22 December 2022,india
106,Master in Business Administration 80% OFF your Tuition fee,Master,80% Tuition Fees,15 September 2022,india
107,3 Month F1 Visa Study English in USA Scholarship with Windsor University,Course,$1455,1 July 2022,india
108,ArtUniverse,"Master, Course",Full or partial scholarship,30 December 2022,india
109,International Contest for Students Support 2022-2023,"Master, Bachelor, Course","Up to $2,000 awards",28 April 2023,india
110,Scholarships for Africa,"Master, Bachelor, Phd, Course",$100 to $3000,24 March 2027,india
111,LAPTOP Scholarships - study Supply Chains,"Master, Bachelor, Phd, Course",up to $3000,6 May 2022,india
112,TKS Full-Ride Scholarship,Course,"100% Tuition Fee [value of $6,000+]",31 May 2022,india
113,Five scholarships of up to US$3000 for supply chain courses,"Master, Bachelor, Phd, Course",$3000,6 May 2022,india
114,International No-Essay Support Competition Scholarships 2022-2023,"Master, Bachelor, Course","Up to $2,000",20 January 2023,india
115,THGM MUSE Scholarship,Bachelor,US$500 or C$630,15 May 2022,india
116,Master in Business Administration 80% OFF your Tuition fee - Scholarship,Master,80% off tuition fee,15 May 2022,india
117,International Students Support Contest 2022-2023,"Master, Bachelor, Course","Up to $2,000 awards",30 June 2023,india
118,Human Resource (HR) - Free Course From Windsor University's MBA,"Master, Course",100% free,14 May 2022,india
119,Project Management - Free Course From Windsor University's MBA,Course,100% free,14 May 2022,india
120,LSA International Student Scholarships at Regents of the University of Michigan in USA,Bachelor,"Up to $10,000",,united-states
121,International No-Essay Support Competition Scholarships 2022-2023,"Master, Bachelor, Course","Up to $2,000",20 January 2023,united-states
122,THGM MUSE Scholarship,Bachelor,US$500 or C$630,15 May 2022,united-states
123,NLU Direct to Success Transfer Student Scholarship,Bachelor,25% Tuition Rate,31 December 2022,united-states
124,Kendell College at NLU International Opportunity Scholarship,Bachelor,25% of the full-time tuition rate,31 December 2022,united-states
125,NLU International Fresh Start Scholarship,Bachelor,44% tuition fee,31 December 2022,united-states
126,National Louis University #YouAreWelcomeHere Scholarship,Bachelor,50% of full-time tuition,12 July 2022,united-states
127,NLU Alumni Scholarship,"Master, Bachelor, Phd",15% Tuition Fee,31 December 2022,united-states
128,Master in Business Administration 80% OFF your Tuition fee - Scholarship,Master,80% off tuition fee,15 May 2022,united-states
129,International Students Support Contest 2022-2023,"Master, Bachelor, Course","Up to $2,000 awards",30 June 2023,united-states
130,Tiffin University International Trustee Scholarships in USA,Bachelor,"$16,000",15 July 2022,united-states
131,Tiffin University International President Scholarships in USA,Bachelor,"$14,000",15 July 2022,united-states
132,Graduate International Scholarships at University of Central Oklahoma,Master,"Up to $2,000 ($1,000 per year)",31 May 2022,united-states
133,International Opportunity Awards at Texas A&M University,Bachelor,"$100 to $15,000 p/a",1 August 2022,united-states
134,Human Resource (HR) - Free Course From Windsor University's MBA,"Master, Course",100% free,14 May 2022,united-states
135,Global Voices Scholarships at University of East Anglia,Master,"£20,000",3 June 2022,united-kingdom
136,Postgraduate International Development Scholarships for Sub Saharan African Students in UK,Master,"£8,000",31 May 2022,united-kingdom
137,Goodenough Scholarships,Master,"Up to £12,000",1 January 2023,united-kingdom
138,International Contest for Students Support 2022-2023,"Master, Bachelor, Course","Up to $2,000 awards",28 April 2023,united-kingdom
139,Scholarships for Africa,"Master, Bachelor, Phd, Course",$100 to $3000,24 March 2027,united-kingdom
140,LAPTOP Scholarships - study Supply Chains,"Master, Bachelor, Phd, Course",up to $3000,6 May 2022,united-kingdom
141,Sports Science: Fully Funded Swansea / DSTL PhD: Human response to prolonged heat exposure,Phd,Full cost of UK tuition fees and an annual stipend,25 May 2022,united-kingdom
142,Medicine: Fully Funded Swansea & HMRI PhD Scholarship: Ovarian Cancer Chemoresistance,Phd,Full cost of tuition fees and an annual stipend,6 May 2022,united-kingdom
143,Nanotechnology: Fully Funded Swansea University and European Commission PhD,Phd,Full cost of UK tuition fees and an annual stipend,4 May 2022,united-kingdom
144,Materials Engineering: Fully Funded Swansea University and CISM PhD: Advanced Dielectrics,Phd,Full cost of UK tuition fees and an annual stipend,6 May 2022,united-kingdom
145,Sanctuary Scholarship,"Master, Bachelor, Phd","Full-fee and £10,000 a year towards study costs",9 May 2022,united-kingdom
146,Dean's International Excellence Scholarship,Master,Full-fee,,united-kingdom
147,Dean's UK Excellence Scholarship,Master,100% of fees,31 July 2022,united-kingdom
148,Masters Excellence Scholarship,Master,50% of fees,30 June 2022,united-kingdom
149,TKS Full-Ride Scholarship,Course,"100% Tuition Fee [value of $6,000+]",31 May 2022,united-kingdom
150,Project Management - Free Course From Windsor University's MBA,Course,100% free,14 May 2022,canada
151,Global No-Essay Contest Scholarships for International Students 2022-2023,"Master, Bachelor, Course","Up to $2,000 awards",31 December 2022,canada
152,Eon Essay Contest on The Precipice,"Master, Bachelor, Phd","15,000 USD top prize; 42,000 USD total prizes",15 June 2022,canada
153,John and Lena Graham Commonwealth Bursary at Dalhousie University,"Phd, Master","At least $2,000",31 October 2022,canada
154,International Student Support Contest 2022-2023,"Master, Bachelor, Course",Multiple awards,31 January 2023,canada
155,Excellence Scholarships for African Students Studying in English,Bachelor,"$17,500 - $25,000 tuition fee reduction",,canada
156,Online Islamic classes for kids,Course,40% off over all of our Islamic courses,31 December 2022,canada
157,The Annual IELTS from 6 to 9 Scholarship,"Master, Bachelor, Phd","$1,000",1 April 2023,canada
158,Scholarship for families want to learn Quran online,Course,50% off over all of our Quran courses,31 December 2022,canada
159,Brock University Emerging Market Entrance International Awards,Bachelor,"$2,500",,canada
160,UBC International Talent Scholarships in Canada,Master,"$10,000 - $30,000",5 June 2022,canada
161,P.E.O. International Scholar Awards,Phd,"$20,000",,canada
162,Ted Rogers School Graduate Entrance Scholarships for International Students at Ryerson University,Master,"$20,000",,canada
163,Contest Scholarship Programme for International Students 2022,"Master, Bachelor, Course","Up to $1,500",1 June 2022,canada
164,Entrance international awards at LaSalle College Vancouver,"Master, Bachelor","Up to $10,000",,canada
165,Project Management - Free Course From Windsor University's MBA,Course,100% free,14 May 2022,europe
166,Global No-Essay Contest Scholarships for International Students 2022-2023,"Master, Bachelor, Course","Up to $2,000 awards",31 December 2022,europe
167,Eon Essay Contest on The Precipice,"Master, Bachelor, Phd","15,000 USD top prize; 42,000 USD total prizes",15 June 2022,europe
168,Anonymous Hope Fund,"Master, Bachelor, Phd, Course",$3000,15 January 2026,europe
169,International Student Support Contest 2022-2023,"Master, Bachelor, Course",Multiple awards,31 January 2023,europe
170,Online Islamic classes for kids,Course,40% off over all of our Islamic courses,31 December 2022,europe
171,The Annual IELTS from 6 to 9 Scholarship,"Master, Bachelor, Phd","$1,000",1 April 2023,europe
172,Scholarship for families want to learn Quran online,Course,50% off over all of our Quran courses,31 December 2022,europe
173,Contest Scholarship Programme for International Students 2022,"Master, Bachelor, Course","Up to $1,500",1 June 2022,europe
174,International Scholarship Student Competition 2022,"Master, Bachelor, Course","Up to $2,000",1 December 2022,europe
175,Global Contest Scholarships for International Students 2022,"Master, Bachelor, Course",Up to $2000 awards,31 December 2022,europe
176,KDS International Scholarship Competition 2021-22,"Master, Bachelor, Course","Up to $1,500",1 December 2022,europe
177,Professional Development Grants for International Students at University of Twente,"Course, Master","Up to $6,500",,europe
178,International Students Contest Scholarships 2021-2022,"Master, Bachelor",Up to $1500,1 October 2022,europe
179,KDS Competition Scholarship 2021,"Master, Bachelor","Up to $1,500",1 December 2022,europe
180,Global No-Essay Contest Scholarships for International Students 2022-2023,"Master, Bachelor, Course","Up to $2,000 awards",31 December 2022,south-africa
181,Eon Essay Contest on The Precipice,"Master, Bachelor, Phd","15,000 USD top prize; 42,000 USD total prizes",15 June 2022,south-africa
182,Anonymous Hope Fund,"Master, Bachelor, Phd, Course",$3000,15 January 2026,south-africa
183,International Student Support Contest 2022-2023,"Master, Bachelor, Course",Multiple awards,31 January 2023,south-africa
184,Online Islamic classes for kids,Course,40% off over all of our Islamic courses,31 December 2022,south-africa
185,The Annual IELTS from 6 to 9 Scholarship,"Master, Bachelor, Phd","$1,000",1 April 2023,south-africa
186,Scholarship for families want to learn Quran online,Course,50% off over all of our Quran courses,31 December 2022,south-africa
187,Contest Scholarship Programme for International Students 2022,"Master, Bachelor, Course","Up to $1,500",1 June 2022,south-africa
188,UFIC Diane Fisher Awards for International Students in USA,Bachelor,,,south-africa
189,International Scholarship Student Competition 2022,"Master, Bachelor, Course","Up to $2,000",1 December 2022,south-africa
190,Global Contest Scholarships for International Students 2022,"Master, Bachelor, Course",Up to $2000 awards,31 December 2022,south-africa
191,KDS International Scholarship Competition 2021-22,"Master, Bachelor, Course","Up to $1,500",1 December 2022,south-africa
192,Professional Development Grants for International Students at University of Twente,"Course, Master","Up to $6,500",,south-africa
193,International Students Contest Scholarships 2021-2022,"Master, Bachelor",Up to $1500,1 October 2022,south-africa
194,Thomas A Plein Endowed funding for International Students at University of Queensland,Bachelor,,,south-africa
195,Global No-Essay Contest Scholarships for International Students 2022-2023,"Master, Bachelor, Course","Up to $2,000 awards",31 December 2022,nigeria
196,Eon Essay Contest on The Precipice,"Master, Bachelor, Phd","15,000 USD top prize; 42,000 USD total prizes",15 June 2022,nigeria
197,Anonymous Hope Fund,"Master, Bachelor, Phd, Course",$3000,15 January 2026,nigeria
198,International Student Support Contest 2022-2023,"Master, Bachelor, Course",Multiple awards,31 January 2023,nigeria
199,Online Islamic classes for kids,Course,40% off over all of our Islamic courses,31 December 2022,nigeria
200,The Annual IELTS from 6 to 9 Scholarship,"Master, Bachelor, Phd","$1,000",1 April 2023,nigeria
201,Scholarship for families want to learn Quran online,Course,50% off over all of our Quran courses,31 December 2022,nigeria
202,Contest Scholarship Programme for International Students 2022,"Master, Bachelor, Course","Up to $1,500",1 June 2022,nigeria
203,UFIC Diane Fisher Awards for International Students in USA,Bachelor,,,nigeria
204,International Scholarship Student Competition 2022,"Master, Bachelor, Course","Up to $2,000",1 December 2022,nigeria
205,Global Contest Scholarships for International Students 2022,"Master, Bachelor, Course",Up to $2000 awards,31 December 2022,nigeria
206,KDS International Scholarship Competition 2021-22,"Master, Bachelor, Course","Up to $1,500",1 December 2022,nigeria
207,Professional Development Grants for International Students at University of Twente,"Course, Master","Up to $6,500",,nigeria
208,International Students Contest Scholarships 2021-2022,"Master, Bachelor",Up to $1500,1 October 2022,nigeria
209,Thomas A Plein Endowed funding for International Students at University of Queensland,Bachelor,,,nigeria
210,PEEF Scholarships,"Master, Bachelor, Phd, Course",Tuition fees and basic expenses,28 February 2100,pakistan
211,Global No-Essay Contest Scholarships for International Students 2022-2023,"Master, Bachelor, Course","Up to $2,000 awards",31 December 2022,pakistan
212,Eon Essay Contest on The Precipice,"Master, Bachelor, Phd","15,000 USD top prize; 42,000 USD total prizes",15 June 2022,pakistan
213,Anonymous Hope Fund,"Master, Bachelor, Phd, Course",$3000,15 January 2026,pakistan
214,International Student Support Contest 2022-2023,"Master, Bachelor, Course",Multiple awards,31 January 2023,pakistan
215,Online Islamic classes for kids,Course,40% off over all of our Islamic courses,31 December 2022,pakistan
216,The Annual IELTS from 6 to 9 Scholarship,"Master, Bachelor, Phd","$1,000",1 April 2023,pakistan
217,Scholarship for families want to learn Quran online,Course,50% off over all of our Quran courses,31 December 2022,pakistan
218,Contest Scholarship Programme for International Students 2022,"Master, Bachelor, Course","Up to $1,500",1 June 2022,pakistan
219,International Scholarship Student Competition 2022,"Master, Bachelor, Course","Up to $2,000",1 December 2022,pakistan
220,Global Contest Scholarships for International Students 2022,"Master, Bachelor, Course",Up to $2000 awards,31 December 2022,pakistan
221,KDS International Scholarship Competition 2021-22,"Master, Bachelor, Course","Up to $1,500",1 December 2022,pakistan
222,Professional Development Grants for International Students at University of Twente,"Course, Master","Up to $6,500",,pakistan
223,International Students Contest Scholarships 2021-2022,"Master, Bachelor",Up to $1500,1 October 2022,pakistan
224,2021 Contest Scholarships for International Students,"Master, Bachelor, Course","Up to $1,500",1 June 2022,pakistan
225,Global No-Essay Contest Scholarships for International Students 2022-2023,"Master, Bachelor, Course","Up to $2,000 awards",31 December 2022,india
226,Eon Essay Contest on The Precipice,"Master, Bachelor, Phd","15,000 USD top prize; 42,000 USD total prizes",15 June 2022,india
227,Anonymous Hope Fund,"Master, Bachelor, Phd, Course",$3000,15 January 2026,india
228,International Student Support Contest 2022-2023,"Master, Bachelor, Course",Multiple awards,31 January 2023,india
229,Online Islamic classes for kids,Course,40% off over all of our Islamic courses,31 December 2022,india
230,The Annual IELTS from 6 to 9 Scholarship,"Master, Bachelor, Phd","$1,000",1 April 2023,india
231,Scholarship for families want to learn Quran online,Course,50% off over all of our Quran courses,31 December 2022,india
232,Contest Scholarship Programme for International Students 2022,"Master, Bachelor, Course","Up to $1,500",1 June 2022,india
233,International Scholarship Student Competition 2022,"Master, Bachelor, Course","Up to $2,000",1 December 2022,india
234,Global Contest Scholarships for International Students 2022,"Master, Bachelor, Course",Up to $2000 awards,31 December 2022,india
235,50% scholarship for students based in India - University of Essex Online,"Master, Bachelor, Course",50% scholarship for all courses,21 July 2022,india
236,KDS International Scholarship Competition 2021-22,"Master, Bachelor, Course","Up to $1,500",1 December 2022,india
237,Professional Development Grants for International Students at University of Twente,"Course, Master","Up to $6,500",,india
238,International Students Contest Scholarships 2021-2022,"Master, Bachelor",Up to $1500,1 October 2022,india
239,2021 Contest Scholarships for International Students,"Master, Bachelor, Course","Up to $1,500",1 June 2022,india
240,CalArts Merit Scholarships for International Students in USA,"Bachelor, Master","$10,000 p.a.",,united-states
241,International Merit-Based Scholarships at Valparaiso University,Bachelor,Financial aid,,united-states
242,Project Management - Free Course From Windsor University's MBA,Course,100% free,14 May 2022,united-states
243,Global No-Essay Contest Scholarships for International Students 2022-2023,"Master, Bachelor, Course","Up to $2,000 awards",31 December 2022,united-states
244,E-waste Scholarship,"Master, Bachelor, Phd","$1,000",,united-states
245,Eon Essay Contest on The Precipice,"Master, Bachelor, Phd","15,000 USD top prize; 42,000 USD total prizes",15 June 2022,united-states
246,Orangesoft Women in Technology Scholarship Program,"Master, Bachelor","$1,000",31 October 2022,united-states
247,International Graduate Scholarships in USA,Master,"Up to $2,000",,united-states
248,LCBAS and Applied Sciences International Merit Awards in USA,"Bachelor, Master","$1,500",1 May 2022,united-states
249,International Student Scholarships at Castleton University,Bachelor,"Up to $2,500 p.a.",,united-states
250,International Student Support Contest 2022-2023,"Master, Bachelor, Course",Multiple awards,31 January 2023,united-states
251,Assisi Academic Scholarships for International Students at Marian University,Bachelor,"$8,000",,united-states
252,International Scholarships at Lake Region State College,"Bachelor, Master",50% off tuition fees,,united-states
253,Merit-Based Scholarships for International Students at Hartwick College,"Bachelor, Master","$15,000 - $28,000 p.a.",1 October 2022,united-states
254,Online Islamic classes for kids,Course,40% off over all of our Islamic courses,31 December 2022,united-states
255,Five scholarships of up to US$3000 for supply chain courses,"Master, Bachelor, Phd, Course",$3000,6 May 2022,united-kingdom
256,University of Sussex International PhD Studentships in Mind and Material Culture,Phd,"Tuition fee, £15,609 p.a. + £2,000 research grant",10 May 2022,united-kingdom
257,University of East Anglia Nigeria Awards in UK,Master,"Up to £5,000",,united-kingdom
258,International Women in Business Scholarships at Queen Mary University of London,Bachelor,"£4,000",1 June 2022,united-kingdom
259,Dean’s International Bursary in Faculty of Arts,Bachelor,"£1,000 p.a. for two years",30 June 2022,united-kingdom
260,Lancashire School of Business and Enterprise PhD Studentships in UK,Phd,"Tuition fees + £15,609 p.a.",30 May 2022,united-kingdom
261,Kolade Scholarships for International Students at University of Exeter Business School,Master,"£12,500",30 June 2022,united-kingdom
262,Global Excellence Scholarships at Queen Mary University of London,Master,"£2,000",2 September 2022,united-kingdom
263,Niloufar Ebrahim Scholarships for International Students at Kingston University London,Master,"Up to £11,100.",1 June 2022,united-kingdom
264,University of Manchester Merit-based Master’s International Scholarships in UK,Master,"£6,000",1 June 2022,united-kingdom
265,Medical Engineering: Fully Funded EPSRC PhD Scholarship: AI approaches to cell imaging data,Phd,Full cost of UK tuition fees and an annual stipend,3 June 2022,united-kingdom
266,Biosciences: Fully Funded PhD Scholarship at Swansea: Seagrass Restoration,Phd,Full cost of UK tuition fees and an annual stipend,6 May 2022,united-kingdom
267,International No-Essay Support Competition Scholarships 2022-2023,"Master, Bachelor, Course","Up to $2,000",20 January 2023,united-kingdom
268,THGM MUSE Scholarship,Bachelor,US$500 or C$630,15 May 2022,united-kingdom
269,Master in Business Administration 80% OFF your Tuition fee - Scholarship,Master,80% off tuition fee,15 May 2022,united-kingdom
270,Silver Anniversary Recruitment Graduate International Fellowships in Canada,Phd,"$20,000",,canada
271,International Scholarship Student Competition 2022,"Master, Bachelor, Course","Up to $2,000",1 December 2022,canada
272,Global Contest Scholarships for International Students 2022,"Master, Bachelor, Course",Up to $2000 awards,31 December 2022,canada
273,Mehran Bibi Sheikh Memorial Entrance Scholarships for International Students at Queen’s University,Bachelor,"$1,500",,canada
274,Engineering International Student Entrance Scholarships at University of Waterloo,Bachelor,"$10,000",,canada
275,Caribbean Scholarships at Niagara College,Bachelor,"$2,000",,canada
276,KDS International Scholarship Competition 2021-22,"Master, Bachelor, Course","Up to $1,500",1 December 2022,canada
277,University of Waterloo Graduate international awards in Canada,"Master, Phd","Up to $3,000",,canada
278,Regional Graduate Program Entrance Scholarships for International Students at Conestoga College,Master,"$1,500",,canada
279,HEC Montréal MSc Entrance international awards in Canada,Master,"$5,000",,canada
280,Professional Development Grants for International Students at University of Twente,"Course, Master","Up to $6,500",,canada
281,English Proficiency Entrance Scholarships for International Students at Durham College,Bachelor,"Up to $1,500",,canada
282,B.C. Access Grants in Canada,Bachelor,"Up to $4,000 p.a.",,canada
283,International Students Contest Scholarships 2021-2022,"Master, Bachelor",Up to $1500,1 October 2022,canada
284,Differential Tuition Fee Exemption international awards at University of Ottawa,"Master, Bachelor",Variable,,canada
285,2021 Contest Scholarships for International Students,"Master, Bachelor, Course","Up to $1,500",1 June 2022,europe
286,FindDataLab Research Grant Programme in USA and EU,"Bachelor, Master, Phd, Course","Up to $1,000 towards web scraping serivces",,europe
287,Google Anita Borg Memorial Scholarships for International Students at Arizona State University,Bachelor,"$10,000",,europe
288,IU International University of Applied Sciences Online Scholarships for International Students in Germany,"Master, Bachelor",Up to 85% of tuition fee,,europe
289,Scholarship for Online Learner at IU International University of Applied Sciences – Online,"Master, Bachelor",Up to € 13.000,,europe
290,Scholarship for Academics at IU International University of Applied Sciences – Online,"Master, Bachelor",up to €13.000,,europe
291,Scholarship for Future Entrepreneur at IU International University of Applied Sciences - Online,"Master, Bachelor",not specified,,europe
292,Scholarship for STEM/MINT Professionals at IU International University of Applied Sciences - Online,"Master, Bachelor",Up to €13.000,,europe
293,Scholarship for Women in Leadership and Management at IU International University of Applied Sciences - Online,"Master, Bachelor",Up to €13.000,,europe
294,Fully-Funded PhD Studentship in Nanochemistry at University of Exeter,Phd,"£15,009",,europe
295,Marine Stewardship Council scholarship research program ,"Bachelor, Master, Phd, Course",Up to £4000,,europe
296,WCC scholarships programme (World Council of Churches),"Bachelor, Master, Phd",Fully Funded,Always Active,europe
297,IPRA Foundation Peace Research Grants Program,Phd,Fully Funded,Always Active,europe
298,Mawista Scholarship for Students Studying Abroad with a Child,"Bachelor, Master",Fully Funded,Always Active,europe
299,ROTARY GLOBAL GRANTS,"Master, Phd",Fully Funded,Always Active,europe
300,2021 Contest Scholarships for International Students,"Master, Bachelor, Course","Up to $1,500",1 June 2022,south-africa
301,Google Anita Borg Memorial Scholarships for International Students at Arizona State University,Bachelor,"$10,000",,south-africa
302,IU International University of Applied Sciences Online Scholarships for International Students in Germany,"Master, Bachelor",Up to 85% of tuition fee,,south-africa
303,Fully-Funded PhD Studentship in Nanochemistry at University of Exeter,Phd,"£15,009",,south-africa
304,Marine Stewardship Council scholarship research program ,"Bachelor, Master, Phd, Course",Up to £4000,,south-africa
305,WCC scholarships programme (World Council of Churches),"Bachelor, Master, Phd",Fully Funded,Always Active,south-africa
306,IPRA Foundation Peace Research Grants Program,Phd,Fully Funded,Always Active,south-africa
307,Mawista Scholarship for Students Studying Abroad with a Child,"Bachelor, Master",Fully Funded,Always Active,south-africa
308,ROTARY GLOBAL GRANTS,"Master, Phd",Fully Funded,Always Active,south-africa
309,European Molecular Biology Short-Term Fellowships,Phd,Fully Funded,Always Active,south-africa
310,John Dillon Fellowship - Australian Centre for International Agricultural Research (ACIAR),Phd,Fully Funded,Always Active,south-africa
311,Institute for Current World Affairs - FELLOWSHIPS,Phd,Fully Funded,Always Active,south-africa
312,Adobe Research Women-in-Technology Scholarship,Bachelor,Fully Funded,Always Active,south-africa
313,International Council of Ophthalmology (ICO) - Three-Month Fellowships,Phd,Fully Funded,Always Active,south-africa
314,The Boehringer Ingelheim Fonds awards PhD fellowships,Phd,Fully Funded,Always Active,south-africa
315,2021 Contest Scholarships for International Students,"Master, Bachelor, Course","Up to $1,500",1 June 2022,nigeria
316,Google Anita Borg Memorial Scholarships for International Students at Arizona State University,Bachelor,"$10,000",,nigeria
317,IU International University of Applied Sciences Online Scholarships for International Students in Germany,"Master, Bachelor",Up to 85% of tuition fee,,nigeria
318,Fully-Funded PhD Studentship in Nanochemistry at University of Exeter,Phd,"£15,009",,nigeria
319,Marine Stewardship Council scholarship research program ,"Bachelor, Master, Phd, Course",Up to £4000,,nigeria
320,WCC scholarships programme (World Council of Churches),"Bachelor, Master, Phd",Fully Funded,Always Active,nigeria
321,IPRA Foundation Peace Research Grants Program,Phd,Fully Funded,Always Active,nigeria
322,Mawista Scholarship for Students Studying Abroad with a Child,"Bachelor, Master",Fully Funded,Always Active,nigeria
323,ROTARY GLOBAL GRANTS,"Master, Phd",Fully Funded,Always Active,nigeria
324,European Molecular Biology Short-Term Fellowships,Phd,Fully Funded,Always Active,nigeria
325,John Dillon Fellowship - Australian Centre for International Agricultural Research (ACIAR),Phd,Fully Funded,Always Active,nigeria
326,Institute for Current World Affairs - FELLOWSHIPS,Phd,Fully Funded,Always Active,nigeria
327,Adobe Research Women-in-Technology Scholarship,Bachelor,Fully Funded,Always Active,nigeria
328,International Council of Ophthalmology (ICO) - Three-Month Fellowships,Phd,Fully Funded,Always Active,nigeria
329,The Boehringer Ingelheim Fonds awards PhD fellowships,Phd,Fully Funded,Always Active,nigeria
330,Google Anita Borg Memorial Scholarships for International Students at Arizona State University,Bachelor,"$10,000",,pakistan
331,IU International University of Applied Sciences Online Scholarships for International Students in Germany,"Master, Bachelor",Up to 85% of tuition fee,,pakistan
332,Fully-Funded PhD Studentship in Nanochemistry at University of Exeter,Phd,"£15,009",,pakistan
333,Scholarships at the Superior College in Pakistan,"Bachelor, Master",The sponsorship will provide the educational fund for your studies.,,pakistan
334,April 2019 -Scholarship Application Open! Faculty of Global Studies,Bachelor,30-100% tuition fee,,pakistan
335,Marine Stewardship Council scholarship research program ,"Bachelor, Master, Phd, Course",Up to £4000,,pakistan
336,WCC scholarships programme (World Council of Churches),"Bachelor, Master, Phd",Fully Funded,Always Active,pakistan
337,IPRA Foundation Peace Research Grants Program,Phd,Fully Funded,Always Active,pakistan
338,Mawista Scholarship for Students Studying Abroad with a Child,"Bachelor, Master",Fully Funded,Always Active,pakistan
339,ROTARY GLOBAL GRANTS,"Master, Phd",Fully Funded,Always Active,pakistan
340,European Molecular Biology Short-Term Fellowships,Phd,Fully Funded,Always Active,pakistan
341,John Dillon Fellowship - Australian Centre for International Agricultural Research (ACIAR),Phd,Fully Funded,Always Active,pakistan
342,Institute for Current World Affairs - FELLOWSHIPS,Phd,Fully Funded,Always Active,pakistan
343,Adobe Research Women-in-Technology Scholarship,Bachelor,Fully Funded,Always Active,pakistan
344,International Council of Ophthalmology (ICO) - Three-Month Fellowships,Phd,Fully Funded,Always Active,pakistan
345,Google Anita Borg Memorial Scholarships for International Students at Arizona State University,Bachelor,"$10,000",,india
346,IU International University of Applied Sciences Online Scholarships for International Students in Germany,"Master, Bachelor",Up to 85% of tuition fee,,india
347,Fully-Funded PhD Studentship in Nanochemistry at University of Exeter,Phd,"£15,009",,india
348,April 2019 -Scholarship Application Open! Faculty of Global Studies,Bachelor,30-100% tuition fee,,india
349,Marine Stewardship Council scholarship research program ,"Bachelor, Master, Phd, Course",Up to £4000,,india
350,WCC scholarships programme (World Council of Churches),"Bachelor, Master, Phd",Fully Funded,Always Active,india
351,IPRA Foundation Peace Research Grants Program,Phd,Fully Funded,Always Active,india
352,Mawista Scholarship for Students Studying Abroad with a Child,"Bachelor, Master",Fully Funded,Always Active,india
353,ROTARY GLOBAL GRANTS,"Master, Phd",Fully Funded,Always Active,india
354,European Molecular Biology Short-Term Fellowships,Phd,Fully Funded,Always Active,india
355,John Dillon Fellowship - Australian Centre for International Agricultural Research (ACIAR),Phd,Fully Funded,Always Active,india
356,Institute for Current World Affairs - FELLOWSHIPS,Phd,Fully Funded,Always Active,india
357,Adobe Research Women-in-Technology Scholarship,Bachelor,Fully Funded,Always Active,india
358,Visiting Student Program (VSP) - Raman Research Institute,Phd,Partially Funded,Always Active,india
359,International Council of Ophthalmology (ICO) - Three-Month Fellowships,Phd,Fully Funded,Always Active,india
360,The Annual IELTS from 6 to 9 Scholarship,"Master, Bachelor, Phd","$1,000",1 April 2023,united-states
361,Scholarship for families want to learn Quran online,Course,50% off over all of our Quran courses,31 December 2022,united-states
362,Academic Scholar- Distinction International Awards in USA,Bachelor,$500 + tuition fee reduction,15 October 2022,united-states
363,CS/IS International Graduate Achievement Scholarships in USA,Master,$500,1 November 2022,united-states
364,Leaders of Tomorrow international awards in USA,Bachelor,"$33,000 ($8,250 p.a.)",1 May 2022,united-states
365,P.E.O. International Scholar Awards,Phd,"$20,000",,united-states
366,VCU Out-of-State Scholarships in the USA,Bachelor,"$7,500",,united-states
367,Future Leaders in Tech Scholarship,Bachelor,"$20,000",19 August 2022,united-states
368,Contest Scholarship Programme for International Students 2022,"Master, Bachelor, Course","Up to $1,500",1 June 2022,united-states
369,INTO SLU Undergraduate Regional Scholarships at Saint Louis University,Bachelor,"$500 - $15,000",,united-states
370,North Central College International Honors Scholarship in USA,Bachelor,"$27,000 p.a.",,united-states
371,Global Citizen Scholarships at Saint Leo University,Bachelor,"$3,000",,united-states
372,International Presidential Scholarships at North Central College,Bachelor,"$29,000 p.a.",,united-states
373,OAS Scholarships for International Students at Marconi International University,"Master, Bachelor",55% of tuition fees,,united-states
374,International Scholarship Student Competition 2022,"Master, Bachelor, Course","Up to $2,000",1 December 2022,united-states
375,Engineering: Fully Funded EPSRC PhD Scholarship at Swansea University: solid-state batteries,Phd,Full cost of UK tuition fees and an annual stipend,26 May 2022,united-kingdom
376,International Students Support Contest 2022-2023,"Master, Bachelor, Course","Up to $2,000 awards",30 June 2023,united-kingdom
377,Becas Grisart 2022,Course,Take the courses free of charge.,25 May 2022,united-kingdom
378,BLACA Awards for International Students in UK,Master,"Up to £9,000 towards tuition fees",1 May 2022,united-kingdom
379,GREAT Scholarships for International Students at University of York,Master,"£10,000",27 May 2022,united-kingdom
380,University of Exeter Business School Online International Scholarships in UK,Master,"£5,000 or £750",12 September 2022,united-kingdom
381,Postgraduate Taught International Scholarships at Hull York Medical School,Master, 5% fee reduction,31 May 2022,united-kingdom
382,Human Resource (HR) - Free Course From Windsor University's MBA,"Master, Course",100% free,14 May 2022,united-kingdom
383,Maths and Physics Undergraduate International Scholarships in UK,Bachelor,"£5,000",31 July 2022,united-kingdom
384,Postgraduate International Development Scholarships for South Korea Students,Master,"£6,000",31 May 2022,united-kingdom
385,Computer Science Scholarships for International Students in UK,Master,"£2,000 or £4,000 tuition fee discount.",1 June 2022,united-kingdom
386,African & Caribbean Excellence Awards at University of Glasgow,Master,Full tuition fee waiver,,united-kingdom
387,Project Management - Free Course From Windsor University's MBA,Course,100% free,14 May 2022,united-kingdom
388,Global No-Essay Contest Scholarships for International Students 2022-2023,"Master, Bachelor, Course","Up to $2,000 awards",31 December 2022,united-kingdom
389,Engineering: Fully Funded PhD at Swansea: Capture and reduction of carbon emissions,Phd,Full cost of tuition fees and an annual stipend,2 May 2022,united-kingdom
390,Entrance international awards at Sault College,"Master, Bachelor","Up to $4,000",,canada
391,International Entrance Scholarships at Memorial University of Newfoundland,Bachelor,"$4,400",,canada
392,International Postdoctoral Positions in Clinical Neurosciences,Phd,"$55,000 p.a. + benefits",,canada
393,McMaster University Award of Excellence in Canada,Bachelor,"$3,000",,canada
394,KDS Competition Scholarship 2021,"Master, Bachelor","Up to $1,500",1 December 2022,canada
395,University Canada West Americas Tuition Awards in Canada,"Master, Bachelor",Discounted courses,,canada
396,University Canada West Second Language Excellence international awards,"Bachelor, Master","Up to $8,000",,canada
397,2021 Contest Scholarships for International Students,"Master, Bachelor, Course","Up to $1,500",1 June 2022,canada
398,Dean’s Circle ESB International Student Awards in Canada,Bachelor,"$5,000",,canada
399,University of Waterloo Arthur F. Church Mechanical Engineering international awards,Bachelor,"Up to $5,000",,canada
400,University of Ottawa International Admission Doctorate Scholarships in Canada,Phd,"$9,000 p.a.",,canada
401,Emerging Market Entrance Awards for International Students at Brock University,Bachelor,"$1,000-$4,000",,canada
402,Google Anita Borg Memorial Scholarships for International Students at Arizona State University,Bachelor,"$10,000",,canada
403,IU International University of Applied Sciences Online Scholarships for International Students in Germany,"Master, Bachelor",Up to 85% of tuition fee,,canada
404,One-year Entrance Scholarships at McGill University,Bachelor,"$12,000",,canada
405,European Molecular Biology Short-Term Fellowships,Phd,Fully Funded,Always Active,europe
406,John Dillon Fellowship - Australian Centre for International Agricultural Research (ACIAR),Phd,Fully Funded,Always Active,europe
407,Institute for Current World Affairs - FELLOWSHIPS,Phd,Fully Funded,Always Active,europe
408,Adobe Research Women-in-Technology Scholarship,Bachelor,Fully Funded,Always Active,europe
409,International Council of Ophthalmology (ICO) - Three-Month Fellowships,Phd,Fully Funded,Always Active,europe
410,The Boehringer Ingelheim Fonds awards PhD fellowships,Phd,Fully Funded,Always Active,europe
411,The Boehringer Ingelheim Fonds - Travel grants for junior researchers,Phd,Fully Funded,Always Active,europe
412,"Paul Sumerall Memorial Scholarships, Merchants Bank of California",Master,Partially Funded,Always Active,europe
413,Hayek Fund for Scholars - Institute for Humane Studies at George Mason University,Phd,Partially Funded,Always Active,europe
414,Erasmus Exchange Programme,Fully Funded,,Always Active,europe
415,YFU (Youth for Undestanding) - Youth Exchange,Not Funded,,Always Active,europe
416,Be an exchange student for 1-2 semesters,Not Funded,,Always Active,europe
417,Horizon 2020,Phd,Fully Funded,Always Active,europe
418,Amelia Earhart Fellowship,Phd,Fully Funded,Always Active,europe
419,The Leakey Foundation’s Research Grants to doctoral students,Phd,Fully Funded,Always Active,europe
420,The Boehringer Ingelheim Fonds - Travel grants for junior researchers,Phd,Fully Funded,Always Active,south-africa
421,"Paul Sumerall Memorial Scholarships, Merchants Bank of California",Master,Partially Funded,Always Active,south-africa
422,SAIIA Bradlow Fellowship Programme,Phd,Fully Funded,Always Active,south-africa
423,Hayek Fund for Scholars - Institute for Humane Studies at George Mason University,Phd,Partially Funded,Always Active,south-africa
424,Erasmus Exchange Programme,Fully Funded,,Always Active,south-africa
425,YFU (Youth for Undestanding) - Youth Exchange,Not Funded,,Always Active,south-africa
426,Be an exchange student for 1-2 semesters,Not Funded,,Always Active,south-africa
427,Horizon 2020,Phd,Fully Funded,Always Active,south-africa
428,Amelia Earhart Fellowship,Phd,Fully Funded,Always Active,south-africa
429,The Leakey Foundation’s Research Grants to doctoral students,Phd,Fully Funded,Always Active,south-africa
430,Axol Science Scholarship for Graduate or Undergraduate Degree Programs,"Bachelor, Master, Phd",Fully Funded,Always Active,south-africa
431,ArtUniverse Scholarships,"Bachelor, Master, Phd",Partially Funded,Always Active,south-africa
432,DRD Scholarships for Sub-Saharan Africans,,,,south-africa
433,The Boehringer Ingelheim Fonds - Travel grants for junior researchers,Phd,Fully Funded,Always Active,nigeria
434,"Paul Sumerall Memorial Scholarships, Merchants Bank of California",Master,Partially Funded,Always Active,nigeria
435,Hayek Fund for Scholars - Institute for Humane Studies at George Mason University,Phd,Partially Funded,Always Active,nigeria
436,Erasmus Exchange Programme,Fully Funded,,Always Active,nigeria
437,YFU (Youth for Undestanding) - Youth Exchange,Not Funded,,Always Active,nigeria
438,Be an exchange student for 1-2 semesters,Not Funded,,Always Active,nigeria
439,Horizon 2020,Phd,Fully Funded,Always Active,nigeria
440,Amelia Earhart Fellowship,Phd,Fully Funded,Always Active,nigeria
441,The Leakey Foundation’s Research Grants to doctoral students,Phd,Fully Funded,Always Active,nigeria
442,Axol Science Scholarship for Graduate or Undergraduate Degree Programs,"Bachelor, Master, Phd",Fully Funded,Always Active,nigeria
443,ArtUniverse Scholarships,"Bachelor, Master, Phd",Partially Funded,Always Active,nigeria
444,The Boehringer Ingelheim Fonds awards PhD fellowships,Phd,Fully Funded,Always Active,pakistan
445,The Boehringer Ingelheim Fonds - Travel grants for junior researchers,Phd,Fully Funded,Always Active,pakistan
446,"Paul Sumerall Memorial Scholarships, Merchants Bank of California",Master,Partially Funded,Always Active,pakistan
447,Hayek Fund for Scholars - Institute for Humane Studies at George Mason University,Phd,Partially Funded,Always Active,pakistan
448,Erasmus Exchange Programme,Fully Funded,,Always Active,pakistan
449,YFU (Youth for Undestanding) - Youth Exchange,Not Funded,,Always Active,pakistan
450,Be an exchange student for 1-2 semesters,Not Funded,,Always Active,pakistan
451,Horizon 2020,Phd,Fully Funded,Always Active,pakistan
452,Amelia Earhart Fellowship,Phd,Fully Funded,Always Active,pakistan
453,The Leakey Foundation’s Research Grants to doctoral students,Phd,Fully Funded,Always Active,pakistan
454,Axol Science Scholarship for Graduate or Undergraduate Degree Programs,"Bachelor, Master, Phd",Fully Funded,Always Active,pakistan
455,ArtUniverse Scholarships,"Bachelor, Master, Phd",Partially Funded,Always Active,pakistan
456,The Boehringer Ingelheim Fonds awards PhD fellowships,Phd,Fully Funded,Always Active,india
457,The Boehringer Ingelheim Fonds - Travel grants for junior researchers,Phd,Fully Funded,Always Active,india
458,"Paul Sumerall Memorial Scholarships, Merchants Bank of California",Master,Partially Funded,Always Active,india
459,Hayek Fund for Scholars - Institute for Humane Studies at George Mason University,Phd,Partially Funded,Always Active,india
460,Erasmus Exchange Programme,Fully Funded,,Always Active,india
461,YFU (Youth for Undestanding) - Youth Exchange,Not Funded,,Always Active,india
462,Be an exchange student for 1-2 semesters,Not Funded,,Always Active,india
463,Horizon 2020,Phd,Fully Funded,Always Active,india
464,Amelia Earhart Fellowship,Phd,Fully Funded,Always Active,india
465,The Leakey Foundation’s Research Grants to doctoral students,Phd,Fully Funded,Always Active,india
466,Axol Science Scholarship for Graduate or Undergraduate Degree Programs,"Bachelor, Master, Phd",Fully Funded,Always Active,india
467,The Indian Technical and Economic Cooperation (ITEC) Programme,Phd,Fully Funded,Always Active,india
468,ArtUniverse Scholarships,"Bachelor, Master, Phd",Partially Funded,Always Active,india
469,Wichita International Student Hardship Fund in the United States,Bachelor,"Up to $1,000",,united-states
470,merit awards for International Students at Columbia College,Bachelor,"Up to $12,000 p.a.",,united-states
471,Global Contest Scholarships for International Students 2022,"Master, Bachelor, Course",Up to $2000 awards,31 December 2022,united-states
472,Meistersinger music awards for International Students at Wartburg College,Bachelor,"Up to $5,000 p.a.",,united-states
473,Musicians Institute Musicianship international awards in USA,Bachelor,"$1,000",,united-states
474,Merit-Based Scholarships for International Students at St. Francis College,Bachelor,"Up to $7,500",,united-states
475,College of Lake County International Student Scholarships in USA,Bachelor,"$1,000",,united-states
476,Catherine T. McNamee International Student Scholarships in USA,Bachelor,"Up to $30,000 p.a.",,united-states
477,KDS International Scholarship Competition 2021-22,"Master, Bachelor, Course","Up to $1,500",1 December 2022,united-states
478,Professional Development Grants for International Students at University of Twente,"Course, Master","Up to $6,500",,united-states
479,International Presidential Scholarships at Stratford University,"Bachelor, Master",25% tuition discount,,united-states
480,International Opportunity Scholarships at National Louis University,Bachelor,10% of the full-time tuition rate,,united-states
481,International Students Contest Scholarships 2021-2022,"Master, Bachelor",Up to $1500,1 October 2022,united-states
482,John Barras DDS Autism Scholarships,"Phd, Master, Bachelor, Course","$1,000",,united-states
483,Merit-Based Scholarships for International Students at Kalamazoo College,Bachelor,"$21,000-35,000 p.a.",,united-states
484,Sports Science: Fully Funded PhD at Swansea: The effect of mineral rich Algae,Phd,Full cost of UK tuition fees and an annual stipend,4 May 2022,united-kingdom
485,Physics: Fully Funded PhD Scholarship at Swansea: Photovoltaic Applications,Phd,Full cost of UK tuition fees and an annual stipend,18 May 2022,united-kingdom
486,Eon Essay Contest on The Precipice,"Master, Bachelor, Phd","15,000 USD top prize; 42,000 USD total prizes",15 June 2022,united-kingdom
487,Anonymous Hope Fund,"Master, Bachelor, Phd, Course",$3000,15 January 2026,united-kingdom
488,University of Sussex Hornsey Scholarship in UK,Master,"£10,000",1 August 2022,united-kingdom
489,David Sainsbury Full MSc Scholarships for International Students in UK,Master,"Full tuition fees + £15,609 p.a. stipend",31 July 2022,united-kingdom
490,Think Big About Education International Scholarships in UK,Master,"£5,000",13 June 2022,united-kingdom
491,Lebanon Bursaries at University of Warwick,Master,25% tuition fee discount,,united-kingdom
492,Chancellors International Business School Scholarships at University of Sussex,Bachelor,"£5,000 p.a.",1 August 2022,united-kingdom
493,Chancellors International Engineering and Informatics Scholarships,"Bachelor, Master","£5,000 p.a.",1 August 2022,united-kingdom
494,University of St Andrews EU Scholarships in UK,Master,"£8,000",28 May 2022,united-kingdom
495,Blockchain in Business and Society International Scholarships,Master,"£15,000",,united-kingdom
496,GREAT Scholarships for International Students at Falmouth University,Master,"£10,000",1 June 2022,united-kingdom
497,Intake Education Taiwan Scholarships in UK,Master,"£2,000",31 July 2022,united-kingdom
498,INTO Progressors International Scholarships at Queen’s University Belfast,"Phd, Master, Bachelor",10% of tuition fees,16 September 2022,united-kingdom
499,Fully-Funded PhD Studentship in Nanochemistry at University of Exeter,Phd,"£15,009",,canada
500,Graduate Dean’s Entrance Scholarship at University of British Columbia,Master," $5,000",,canada
501,International Scholarship Program (Firdaws Academy),Course,100%,29 December 2022,canada
502,MPOWER Global Citizen Scholarship,"Bachelor, Master, Phd","Fixed interest rates for amounts between $2,001.00 and $50,000.00",,canada
503,Marine Stewardship Council scholarship research program ,"Bachelor, Master, Phd, Course",Up to £4000,,canada
504,WCC scholarships programme (World Council of Churches),"Bachelor, Master, Phd",Fully Funded,Always Active,canada
505,IPRA Foundation Peace Research Grants Program,Phd,Fully Funded,Always Active,canada
506,Centre for Studies in Religion and Society (CSRS) Visiting Research Fellowships,Phd,Partially Funded,Always Active,canada
507,Mawista Scholarship for Students Studying Abroad with a Child,"Bachelor, Master",Fully Funded,Always Active,canada
508,ROTARY GLOBAL GRANTS,"Master, Phd",Fully Funded,Always Active,canada
509,European Molecular Biology Short-Term Fellowships,Phd,Fully Funded,Always Active,canada
510,John Dillon Fellowship - Australian Centre for International Agricultural Research (ACIAR),Phd,Fully Funded,Always Active,canada
511,Konrad von Moltke Research Grants for the young researchers,Phd,Fully Funded,Always Active,canada
512,Institute for Current World Affairs - FELLOWSHIPS,Phd,Fully Funded,Always Active,canada
513,Adobe Research Women-in-Technology Scholarship,Bachelor,Fully Funded,Always Active,canada
514,Axol Science Scholarship for Graduate or Undergraduate Degree Programs,"Bachelor, Master, Phd",Fully Funded,Always Active,europe
515,ArtUniverse Scholarships,"Bachelor, Master, Phd",Partially Funded,Always Active,europe
516,KU Full-tuition International Excellence Awards in USA,Bachelor,"Up to a full tuition waiver ($25,000+/year)",,united-states
517,International Undergraduate Commitment Scholarships at Western Illinois University,Bachelor,"Up to $8,000",,united-states
518,international awards at Anderson University,Bachelor,Variable,,united-states
519,International Student Emergency Relief Scholarships in USA,Bachelor,"Up to $1,000",,united-states
520,KDS Competition Scholarship 2021,"Master, Bachelor","Up to $1,500",1 December 2022,united-states
521,2021 Contest Scholarships for International Students,"Master, Bachelor, Course","Up to $1,500",1 June 2022,united-states
522,Graduate Studies international awards at University of Southern Maine,Master,"Up to $3,000",,united-states
523,Charger Award for International Students at University of New Haven,Bachelor,"Up to $14,000 p.a.",,united-states
524,Freshman Scholarships for International Students at Wilkes University in USA,Bachelor,"$14,000 – $21,000",,united-states
525,President’s Entrance international awards at Ryerson University in Canada,Bachelor,"$40,000",,united-states
526,John Foy & Associates Strong Arm Leukemia funding for International Students in USA,"Bachelor, Master","$1,000",,united-states
527,James B. Duke Scholarships for International Students at Furman University,"Bachelor, Master",Full tuition + stipend,,united-states
528,University of Findlay International Scholar Awards in USA,Bachelor,Variable,,united-states
529,Musicians Institute Melodic Soloing Guitar international awards in USA,"Bachelor, Master","$1,500",,united-states
530,FindDataLab Research Grant Programme in USA and EU,"Bachelor, Master, Phd, Course","Up to $1,000 towards web scraping serivces",,united-states
531,Mischon de Reya Scholarships for International Students at Queen Mary University of London,Master,Full tuition fees,3 May 2022,united-kingdom
532,CU Group Undergraduate International Scholarships in UK,Bachelor,"£5,000",30 June 2022,united-kingdom
533,International Student Support Contest 2022-2023,"Master, Bachelor, Course",Multiple awards,31 January 2023,united-kingdom
534,Department of Meteorology International PhD Scholarships in UK,Phd,"Up to £3,000",,united-kingdom
535,Postgraduate International Studentships in Marketing,Master,"£5,900",5 June 2022,united-kingdom
536,Online Islamic classes for kids,Course,40% off over all of our Islamic courses,31 December 2022,united-kingdom
537,The Annual IELTS from 6 to 9 Scholarship,"Master, Bachelor, Phd","$1,000",1 April 2023,united-kingdom
538,Scholarship for families want to learn Quran online,Course,50% off over all of our Quran courses,31 December 2022,united-kingdom
539,African Scholarships at University of Essex,Master,"£4,500",16 September 2022,united-kingdom
540,GREAT Scholarships for Mexican Students at Queen’s University Belfast,Master,"£10,000",31 July 2022,united-kingdom
541,GREAT China Scholarships for Justice and Law,Master,"£10,000",31 May 2022,united-kingdom
542,Great Scholarship for Chinese Students at University of Sussex,Master,"£10,000",15 May 2022,united-kingdom
543,Warwick WMG Bursaries for Iranian Students in UK,Master,25% of tuition fees,,united-kingdom
544,International School Undergraduate Outstanding Achievement Scholarships in UK,Bachelor,"£2,500",27 May 2022,united-kingdom
545,University of Glasgow Angela Adams Scholarship 2022,Master,"£5,000",23 May 2022,united-kingdom
546,Mount Saint Vincent University - Graduate Student Scholarships,"Master, Phd",Partially Funded,Always Active,canada
547,International Council of Ophthalmology (ICO) - Three-Month Fellowships,Phd,Fully Funded,Always Active,canada
548,The Boehringer Ingelheim Fonds awards PhD fellowships,Phd,Fully Funded,Always Active,canada
549,The Boehringer Ingelheim Fonds - Travel grants for junior researchers,Phd,Fully Funded,Always Active,canada
550,"Paul Sumerall Memorial Scholarships, Merchants Bank of California",Master,Partially Funded,Always Active,canada
551,McGill University - Entrance Law Scholarships,Bachelor,Partially Funded,Always Active,canada
552,"McGill University - Graduate Law Scholarships, funds and bursaries",Master,Partially Funded,Always Active,canada
553,University of Manitoba - Graduate Fellowship (UMGF),Master,Fully Funded,Always Active,canada
554,York University - International Entrance Scholarship,Bachelor,Partially Funded,Always Active,canada
555,Hayek Fund for Scholars - Institute for Humane Studies at George Mason University,Phd,Partially Funded,Always Active,canada
556,The Humane Studies Fellowship - Institute for Humane Studies at George Mason University,Phd,Fully Funded,Always Active,canada
557,IIASA Funded Postdoctoral Fellowships,Phd,Fully Funded,Always Active,canada
558,Erasmus Exchange Programme,Fully Funded,,Always Active,canada
559,YFU (Youth for Undestanding) - Youth Exchange,Not Funded,,Always Active,canada
560,Be an exchange student for 1-2 semesters,Not Funded,,Always Active,canada
561,International Merit Awards at Culinary Institute of America,Course,Tuition fee reduction.,,united-states
562,Google Anita Borg Memorial Scholarships for International Students at Arizona State University,Bachelor,"$10,000",,united-states
563,Quran Learning Scholarship Program,Course,Up to $300,,united-states
564,Need-Based Grants for International Students in the United States,Bachelor,"Up to $10,000 p.a.",,united-states
565,Global Leader Scholarships in the USA,Bachelor,"approx. $10,656 p.a.",,united-states
566,4WARD Graduation Scholarships for International Students,Bachelor,50% of tuition over 4 years,,united-states
567,IU International University of Applied Sciences Online Scholarships for International Students in Germany,"Master, Bachelor",Up to 85% of tuition fee,,united-states
568,International Merit Scholarship at University of Memphis,"Bachelor, Master",Varying award amount,,united-states
569,"$2,500 for Graduate School: GradCAS Breakthrough Scholarship","Master, Phd","$2,500",,united-states
570,"$2,500 for Engineering Students: EngineeringCAS Breakthrough Scholarship","Master, Phd","$2,500",,united-states
571,"$2,500 for Business School: BusinessCAS Breakthrough Scholarship","Master, Phd","$2,500",,united-states
572,Invitation to Idaho funding for International Students at University of Idaho,Bachelor,"$15,084",,united-states
573,Fully-Funded PhD Studentship in Nanochemistry at University of Exeter,Phd,"£15,009",,united-states
574,Carr Academic Scholarship,Bachelor,"$15,000",,united-states
575,Global Scholars Program to Study at Babson College,"Bachelor, Course",full scholarship,,united-states
576,University of Birmingham Bellerbys Outstanding Achievement International Scholarship in UK,Bachelor,"£2,500",27 May 2022,united-kingdom
577,GREAT Scholarships for Ghana Students at University of Warwick,Master,"£15,000",1 June 2022,united-kingdom
578,Great Scholarships for India and Singapore Students at University of Plymouth,Master,"£10,000",31 May 2022,united-kingdom
579,Latin American Taught Scholarships in UK,Master,"£5,000",31 July 2022,united-kingdom
580,Advanced Chemical Engineering Professor’s International Scholarship in UK,Master,"Up to £11,075",13 June 2022,united-kingdom
581,ULMS Indian Subcontinent Excellence Scholarships in UK,Master,50% of tuition fees,,united-kingdom
582,Sir Ray Tindle international awards at University of Creative Arts,Bachelor,"£1,000 p.a.",30 June 2022,united-kingdom
583,Great Scholarships for International Students at University of Derby,Master,"£11,000",1 June 2022,united-kingdom
584,UCA Creative Europe Scholarships in UK,"Bachelor, Phd, Master",Tuition fee reduction to UK home fees,,united-kingdom
585,UCA Nick Jack Scholarships for International Students in UK,Master,"£5,000",31 July 2022,united-kingdom
586,ULMS European Union Excellence Scholarships in UK,Master,50% of tuition fees,,united-kingdom
587,Aberystwyth University IBERS international awards in UK,Master,40% tuition fee discount,,united-kingdom
588,Contest Scholarship Programme for International Students 2022,"Master, Bachelor, Course","Up to $1,500",1 June 2022,united-kingdom
589,EU Grant Award at the University of Gloucestershire,"Phd, Master, Bachelor","£3,000",,united-kingdom
590,Robert Lethbridge international awards in Modern Language,Master,"£1,250",31 May 2022,united-kingdom
591,Horizon 2020,Phd,Fully Funded,Always Active,canada
592,PhD Position in Fiber Devices for International Students,Phd,Fully Funded,Always Active,canada
593,Amelia Earhart Fellowship,Phd,Fully Funded,Always Active,canada
594,The Leakey Foundation’s Research Grants to doctoral students,Phd,Fully Funded,Always Active,canada
595,Axol Science Scholarship for Graduate or Undergraduate Degree Programs,"Bachelor, Master, Phd",Fully Funded,Always Active,canada
596,ArtUniverse Scholarships,"Bachelor, Master, Phd",Partially Funded,Always Active,canada
597,Carleton University Entrance Scholarships for International Students,Bachelor,Partially Funded,Always Active,canada
598,International Student Scholarships - Western University (UWO),Bachelor,Partially Funded,Always Active,canada
599,National Buckeye Scholarship,Bachelor,"$54,000",,united-states
600,Spirit of Giving Scholarship,"Bachelor, Course"," $3,000",,united-states
601,Global Spartan Leadership Program for International Students at Michigan State University,Bachelor,$8000 ,,united-states
602,International Scholarship Program (Firdaws Academy),Course,100%,29 December 2022,united-states
603,MIT THINK Scholarship Program,Course,"$7,000 worth of prizes",,united-states
604,University of Maine Intensive English Institute Discovery Scholarship in the USA,Bachelor,"US $2,000",,united-states
605,President’s Postdoctoral Fellowship Program at University of California in USA,Phd,"$50,760",,united-states
606,Family Empowerment program,Bachelor,The scholarship amount is the lesser of the school’s tuition and fees or the calculated scholarship amount ,,united-states
607,Rentkidz Annual Scholarship,"Bachelor, Course",$750,,united-states
608,MPOWER Global Citizen Scholarship,"Bachelor, Master, Phd","Fixed interest rates for amounts between $2,001.00 and $50,000.00",,united-states
609,Prodigy Finance – International Student Loans,,,,united-states
610,MPOWER Financing – Education Loans for International Students,"Bachelor, Master, Phd","Fixed interest rates for amounts between $2,001.00 and $50,000.00",,united-states
611,Marine Stewardship Council scholarship research program ,"Bachelor, Master, Phd, Course",Up to £4000,,united-states
612,Ratingle Scholarship Program,"Bachelor, Master, Phd, Course",$1000,,united-states
613,Embry-Riddle Aeronautical University Scholarships,"Bachelor, Master",Partially Funded,Always Active,united-states
614,UCB EU Transition Awards in UK,"Master, Bachelor",Tuition fee discount,,united-kingdom
615,University of Strathclyde Access Bursary for ROI Students in UK,Bachelor,Up to £3000,1 July 2022,united-kingdom
616,Lady Eileen McDonald EU & International Student Funds in UK,"Phd, Master, Bachelor",£300-£500,1 January 2030,united-kingdom
617,LPDP Indonesia Scholarships at Cranfield University,"Master, Phd",Variable funds,,united-kingdom
618,Cranfield Water Scholarships for Malawian Students in UK,Master,"£6,000",,united-kingdom
619,John Gilbert Vause Memorial International Scholarship in the UK,Bachelor,£500,,united-kingdom
620,International Scholarships at Durham University,"Master, Bachelor","£5,000 p.a.",29 July 2022,united-kingdom
621,International College Dundee Entrant Scholarships in UK,Master,"Up to £4,500 p.a.",,united-kingdom
622,International Scholarship Student Competition 2022,"Master, Bachelor, Course","Up to $2,000",1 December 2022,united-kingdom
623,Global Contest Scholarships for International Students 2022,"Master, Bachelor, Course",Up to $2000 awards,31 December 2022,united-kingdom
624,Swansea University EU Transitional Bursary in UK,Bachelor,Tuition fee reduction,,united-kingdom
625,50% scholarship for students based in India - University of Essex Online,"Master, Bachelor, Course",50% scholarship for all courses,21 July 2022,united-kingdom
626,ITESM Doble Grado Tuition Fee Discount for International Students in UK,Master,50% of tuition fees,,united-kingdom
627,High Achiever Scholarships for UK and Ireland Students at University of Buckingham,Bachelor," £2,000",,united-kingdom
628,LLM Master of Law Scholarships for International Students at University of Roehampton,Master,"£5,000",,united-kingdom
629,NYU Wagner Merit Scholarships,"Bachelor, Master",Partially Funded,Always Active,united-states
630,Scholarships and Financial Aid for International Students - University of Oregon,"Bachelor, Master",Partially Funded,Always Active,united-states
631,WCC scholarships programme (World Council of Churches),"Bachelor, Master, Phd",Fully Funded,Always Active,united-states
632,IPRA Foundation Peace Research Grants Program,Phd,Fully Funded,Always Active,united-states
633,Jefferson Fellowship,"Master, Phd",Fully Funded,Always Active,united-states
634,East Tennessee University - General Undergraduate Scholarships,Bachelor,Partially Funded,Always Active,united-states
635,The Nieman Foundation - Journalism Fellowships,Phd,Fully Funded,Always Active,united-states
636,Scholarships at Church Divinity School  of the Pacific,"Bachelor, Master",Partially Funded,Always Active,united-states
637,Rajawali Fellows Program - Harvard Kennedy School,Phd,Partially Funded,Always Active,united-states
638,Mawista Scholarship for Students Studying Abroad with a Child,"Bachelor, Master",Fully Funded,Always Active,united-states
639,East Tennessee State University - International Students Academic Merit Scholarship,"Bachelor, Master, Phd",Partially Funded,Always Active,united-states
640,Emory University scholarships for International Students,"Bachelor, Master",Partially Funded,Always Active,united-states
641,Illinois Wesleyan University - International Student Scholarships,"Bachelor, Master",Partially Funded,Always Active,united-states
642,Berea’s Tuition Promise Scholarship,"Bachelor, Master",Partially Funded,Always Active,united-states
643,ROTARY GLOBAL GRANTS,"Master, Phd",Fully Funded,Always Active,united-states
644,Lancaster EU Transition Scholarships in UK,"Master, Bachelor","£7,000",,united-kingdom
645,Heads of School Scholarships for EU Students at Bangor University,Phd,10% of tuition fee p.a.,,united-kingdom
646,University of Leeds Faculty of Engineering and Physical Sciences International Undergraduate Excellence Scholarships in UK,Bachelor,"Up to £6,000",,united-kingdom
647,UEA Turkish Awards in the UK,Master,"Up to £5,000",,united-kingdom
648,PGR Transitional Bursary for International Students at Swansea University,"Master, Phd",Reduced tuition fee,,united-kingdom
649,University of Roehampton EU Transition Scholarships in UK,"Master, Bachelor",Tuition fee discount,,united-kingdom
650,University of Birmingham Poynting Excellence international awards in UK,Bachelor,"Up to £3,000",,united-kingdom
651,EU/EEA Scholarships at Middlesex University London in UK,Bachelor,Reduced tuition fees,,united-kingdom
652,Africa postgraduate placements at University of Dundee in UK,Master,"£5,000",,united-kingdom
653,Postgraduate Research international awards in Theory and Simulations of Frequency,Phd,"Fees, stipend + benefits",,united-kingdom
654,KDS International Scholarship Competition 2021-22,"Master, Bachelor, Course","Up to $1,500",1 December 2022,united-kingdom
655,Professional Development Grants for International Students at University of Twente,"Course, Master","Up to $6,500",,united-kingdom
656,International PhD Studentships in Metamaterial Nano-Machines,Phd,Tuition fees + limited funding,,united-kingdom
657,International Excellent Student Scholarships at University of Derby,"Master, Bachelor","£5,000",,united-kingdom
658,international awards at Brockenhurst College,Bachelor,Up to 50% tuition fees,,united-kingdom
659,European Molecular Biology Short-Term Fellowships,Phd,Fully Funded,Always Active,united-states
660,John Dillon Fellowship - Australian Centre for International Agricultural Research (ACIAR),Phd,Fully Funded,Always Active,united-states
661,Kingston University - International Scholarships,"Bachelor, Master, Phd",Partially Funded,Always Active,united-states
662,Thomas College - Graduate International Scholarship Program,Master,Partially Funded,Always Active,united-states
663,Hamilton College Scholarships for International Students,Master,Partially Funded,Always Active,united-states
664,Konrad von Moltke Research Grants for the young researchers,Phd,Fully Funded,Always Active,united-states
665,Institute for Current World Affairs - FELLOWSHIPS,Phd,Fully Funded,Always Active,united-states
666,Fulbright Foreign Student Program,"Master, Phd",Fully Funded,Always Active,united-states
667,The American Indian Graduate Center - Scholarships,"Bachelor, Master",Partially Funded,Always Active,united-states
668,Adobe Research Women-in-Technology Scholarship,Bachelor,Fully Funded,Always Active,united-states
669,Fellowships and Scholarships at Pardee RAND Graduate School,Phd,Partially Funded,Always Active,united-states
670,Loyola University Undergraduate Scholarships,Bachelor,Partially Funded,Always Active,united-states
671,John Lennon Scholarships,"Bachelor, Master",Partially Funded,Always Active,united-states
672,New York Film Academy (NYFA) Scholarships,"Bachelor, Master",Partially Funded,Always Active,united-states
673,University of Dayton Scholarships for Undergraduate International Students,Bachelor,Partially Funded,Always Active,united-states
674,University of Leeds MBA EEA Excellence Scholarships in UK,Master,Half-fee,,united-kingdom
675,South Asia Scholarships at University of Dundee,Bachelor,"$5,000 p.a., up to £25,000",,united-kingdom
676,EU Bursary at University of Reading,Bachelor,"Up to £6,000",,united-kingdom
677,Engagement Bursary for UK and EU Students at University of East London,Bachelor,"Up to £2,000",,united-kingdom
678,East African Scholarships at University of Edinburgh,Master,100% tuition fees,,united-kingdom
679,University of Leeds MBA Americas Excellence Scholarships in UK,Master,Half-fee,,united-kingdom
680,International Students Contest Scholarships 2021-2022,"Master, Bachelor",Up to $1500,1 October 2022,united-kingdom
681,EU Transition Bursary at University of Derby,"Bachelor, Master","£4,500 p.a.",,united-kingdom
682,Dr George Moore Data Science International Student Scholarships in UK,Master,"£3,000",,united-kingdom
683,EU postgraduate placements at University of Stirling,Master,40% fee discount,,united-kingdom
684,University of Manchester International Mathematics Scholarships in UK,Bachelor,"£1,000 p.a.",,united-kingdom
685,University of Liverpool International College (UoLIC) Excellence Scholarships in UK,Bachelor,"£5,000 tuition fee reduction",,united-kingdom
686,University of Liverpool Management School European Union Excellence Scholarships,Master,50% tuition fee waiver,,united-kingdom
687,University of Manchester Global Futures Scholarships in UK,"Master, Bachelor",Variable,,united-kingdom
688,Stirling Postgraduate Bangladesh Scholarships in UK,Master,"£4,000",,united-kingdom
689,International Council of Ophthalmology (ICO) - Three-Month Fellowships,Phd,Fully Funded,Always Active,united-states
690,Jefferson Undergraduate Scholarship - University of Virginia,Bachelor,Fully Funded,Always Active,united-states
691,Georgia College Scholarships for International Students,"Bachelor, Master",Partially Funded,Always Active,united-states
692,Brandeis University - Merit- and Need-Based Scholarships,Master,Partially Funded,Always Active,united-states
693,The Boehringer Ingelheim Fonds awards PhD fellowships,Phd,Fully Funded,Always Active,united-states
694,The Boehringer Ingelheim Fonds - Travel grants for junior researchers,Phd,Fully Funded,Always Active,united-states
695,"Global Achievement Scholarship, Full Sail University",Master,Partially Funded,Always Active,united-states
696,"Paul Sumerall Memorial Scholarships, Merchants Bank of California",Master,Partially Funded,Always Active,united-states
697,Harvard University-Graduate School of Arts and Sciences - Dissertation Completion Fellowships (DCF),Phd,Fully Funded,Always Active,united-states
698,Reagan-Fascell Democracy Fellows - National Endowment for Democracy,Phd,Fully Funded,Always Active,united-states
699,TransAtlantic Masters - Scholarships,Master,Not Funded,Always Active,united-states
700,Euromasters Scholarships,Master,Partially Funded,Always Active,united-states
701,Hayek Fund for Scholars - Institute for Humane Studies at George Mason University,Phd,Partially Funded,Always Active,united-states
702,The Humane Studies Fellowship - Institute for Humane Studies at George Mason University,Phd,Fully Funded,Always Active,united-states
703,Kutztown University of Pennsylvania - International Student Scholarships,Bachelor,Partially Funded,Always Active,united-states
704,Aberdeen Global Scholarships for EU Students in UK,Master,"Up to £5,000",,united-kingdom
705,International Excellence Scholarships at University of East Anglia,Phd,"£4,000",,united-kingdom
706,University of Plymouth Mayflower funding for USA students,Bachelor,"£1,620 tuition fee discount",,united-kingdom
707,EU Scholarships at University of Southampton,"Bachelor, Master","£5,000",,united-kingdom
708,Katrina Honeyman Scholarships for International Students in UK,Bachelor,"£2,000 p.a.",,united-kingdom
709,Materials Science Entry Scholarships for International Students at University of Birmingham,Bachelor,"Up to £3,500",,united-kingdom
710,Queen’s Excellence International Awards in UK,Bachelor,"£2,000",,united-kingdom
711,International Excellence Scholarships at University of Birmingham,Bachelor,"£1,500",,united-kingdom
712,Postgraduate Taught International Student Scholarships at University of Plymouth,Master,"£2,000",,united-kingdom
713,International Academic Excellence Scholarships at University of Plymouth,"Bachelor, Master",50% off tuition fees,,united-kingdom
714,University of York Maths Academic Excellence international awards,Bachelor,"£1,000",,united-kingdom
715,International music awards at Swansea University,Bachelor,Value of £1000 p.a.,,united-kingdom
716,Fulbright Commission Awards for USA Students at University of Warwick in UK,Master,"Up to £26,500",,united-kingdom
717,45 Durham University Business School Masters international awards in UK,Master,"Up to £6,000 off tuition fees",,united-kingdom
718,Rolls Royce PhD Positionsat University of Nottingham for UK and EU Students,Phd,"Tuition fees + £18,000 p.a. stipend",,united-kingdom
719,Erasmus Exchange Programme,Fully Funded,,Always Active,united-states
720,YFU (Youth for Undestanding) - Youth Exchange,Not Funded,,Always Active,united-states
721,Study in the USA as an exchange student (1-2 semesters),Not Funded,,Always Active,united-states
722,Be an exchange student for 1-2 semesters,Not Funded,,Always Active,united-states
723,Horizon 2020,Phd,Fully Funded,Always Active,united-states
724,Amelia Earhart Fellowship,Phd,Fully Funded,Always Active,united-states
725,The Leakey Foundation’s Research Grants to doctoral students,Phd,Fully Funded,Always Active,united-states
726,Axol Science Scholarship for Graduate or Undergraduate Degree Programs,"Bachelor, Master, Phd",Fully Funded,Always Active,united-states
727,ArtUniverse Scholarships,"Bachelor, Master, Phd",Partially Funded,Always Active,united-states
728,Kellogg Institute for International Studies - Visiting Fellowships,Phd,Fully Funded,Always Active,united-states
729,"ChameleonJohn Annual $3,000 Scholarship for US Studies","Bachelor, Master, Phd",Not Funded,Always Active,united-states
730,New York University Stern merit-based scholarships,Master,Partially Funded,Always Active,united-states
731,International Student Scholarships - University of Evansville,"Bachelor, Master",Partially Funded,Always Active,united-states
732,International Tuition Award - University of Arizona,Bachelor,Partially Funded,Always Active,united-states
733,UN-Nippon Fellowship Programme in Ocean Affairs for Coastal Developing Countries,,,,united-states
734,Academic Achievement International Foundation Progression Scholarships in UK,Bachelor,"£3,000",,united-kingdom
735,University of Derby International merit awards in UK,"Master, Bachelor","£1,500",,united-kingdom
736,Lancaster University Global Scholarships for African Students in UK,Master,"£3,000",,united-kingdom
737,KDS Competition Scholarship 2021,"Master, Bachelor","Up to $1,500",1 December 2022,united-kingdom
738,2021 Contest Scholarships for International Students,"Master, Bachelor, Course","Up to $1,500",1 June 2022,united-kingdom
739,PhD in Advanced Manufacture for UK and EU Students in UK,Phd,"£15,285 p.a.",,united-kingdom
740,PhDs (Cotutelle) Scholarships for EU Students at University of Kent,Phd,50% Tuition fee,,united-kingdom
741,Queen’s University Belfast Vice-Chancellor’s International Attainment postgraduate placements,Master,50% discount on tuition fees,,united-kingdom
742,Vice-Chancellor’s Postgraduate International Excellence Scholarships at University of Brighton,Master,"£3,000",,united-kingdom
743,FindDataLab Research Grant Programme in USA and EU,"Bachelor, Master, Phd, Course","Up to $1,000 towards web scraping serivces",,united-kingdom
744,Warwick School of Engineering PhD International Studentships in Pharmacometric Modelling,Phd,"£15,250 p.a. + tuition fees",,united-kingdom
745,Google Anita Borg Memorial Scholarships for International Students at Arizona State University,Bachelor,"$10,000",,united-kingdom
746,LLM Academic Excellence Scholarships for International Students at University of East Anglia,Master,"Up to £3,000",,united-kingdom
747,Richard and Susan Hayden Academy Fellowship for Worldwide Students in UK,Phd,"£2,365 monthly stipend",,united-kingdom
748,Anniversary Scholarships at London School of Economics and Political Science,Master,"£5,000-£25,000",,united-kingdom
749,Rotary Peace Fellowships,,,,united-states
750,Full Tuition PhD Positionsfor UK and EU Students at University of Warwick,Phd,Full university fees + allowance/award,,united-kingdom
751,IU International University of Applied Sciences Online Scholarships for International Students in Germany,"Master, Bachelor",Up to 85% of tuition fee,,united-kingdom
752,Cranfield University international awards in the UK,Master,,,united-kingdom
753,Built Environment Undergraduate Silver Award for International Students at University of Salford,Bachelor,£2000,,united-kingdom
754,University of Portsmouth Faculty of Business and Law Postgraduate funding for UK and EU Students in UK,"Bachelor, Master",,,united-kingdom
755,Coventry University EU Academic Excellence Award in the UK,"Bachelor, Master","£1,500",,united-kingdom
756,St Mary’s University Vice-Chancellor’s Excellence funding for UK and EU Students in UK,Bachelor,"£3,000",,united-kingdom
757,University of Liverpool Management School Future Leaders Master’s funding for UK and EU Students in UK,Master,Full fee waiver,,united-kingdom
758,Leicester Castle Business School International Postgraduate Taught Merit Scholarship in UK,Master,"£2,500",,united-kingdom
759,University of Bradford International MSc Scholarship in UK,Master,Scholarship ,,united-kingdom
760,Global MBA International Scholarship at De Montfort University,"Bachelor, Master"," £2,500,",,united-kingdom
761,UCL DPU Health in Urban Development International Scholarship in UK,Master,"£10,000",,united-kingdom
762,International Excellence/Achievement Scholarship at University of Birmingham,Bachelor," £7,500",,united-kingdom
763,Scholarship for Online Learner at IU International University of Applied Sciences – Online,"Master, Bachelor",Up to € 13.000,,united-kingdom
764,Scholarship for Academics at IU International University of Applied Sciences – Online,"Master, Bachelor",up to €13.000,,united-kingdom
765,Scholarship for Future Entrepreneur at IU International University of Applied Sciences - Online,"Master, Bachelor",not specified,,united-kingdom
766,Scholarship for STEM/MINT Professionals at IU International University of Applied Sciences - Online,"Master, Bachelor",Up to €13.000,,united-kingdom
767,Scholarship for Women in Leadership and Management at IU International University of Applied Sciences - Online,"Master, Bachelor",Up to €13.000,,united-kingdom
768,International Sporting Excellence Award at University of Nottingham,"Bachelor, Master","£5,000",,united-kingdom
769,International Foundation Year Scholarship at the University of Leeds in the UK,Bachelor,"£3,000",,united-kingdom
770,Fully-Funded PhD Studentship in Nanochemistry at University of Exeter,Phd,"£15,009",,united-kingdom
771,Merit funding for International Students at University of Central Lancashire,"Bachelor, Master","£2,000 per year",,united-kingdom
772,International Scholarship Program (Firdaws Academy),Course,100%,29 December 2022,united-kingdom
773,international awards at the University of South Wales in the UK,"Master, Bachelor","£2,250",,united-kingdom
774,PGT Excellence International Scholarship at the University of Glasgow in the UK,Master, £5000,,united-kingdom
775,Oxford Leo Tong Chen Scholarships for International Students in the UK,Master,"£15,000 ",,united-kingdom
776,Prodigy Finance – International Student Loans,,,,united-kingdom
777,Marine Stewardship Council scholarship research program ,"Bachelor, Master, Phd, Course",Up to £4000,,united-kingdom
778,"Goldsmiths, University of London International Response Scholarships","Bachelor, Master",,Always Active,united-kingdom
779,"International Merit Postgraduate Scholarships at University of Sheffield in UK, 2017","Master, Phd",25% of tuition fees,16 May 2022,united-kingdom
780,"University of Manchester PhD Scholarships for International Students in UK, 2017-2018",Phd,,Varies,united-kingdom
781,UCL Undergraduate Scholarships/Bursaries (University College London),Bachelor,Partially Funded,Always Active,united-kingdom
782,Erasmus Mundus European Master in Global Studies,Master,Fully Funded,Always Active,united-kingdom
783,EMBL International PhD Programme: Fellowships,Phd,Fully Funded,Always Active,united-kingdom
784,"International Science Scholarships, Nottingham Trent University",Master,Partially Funded,Always Active,united-kingdom
785,WCC scholarships programme (World Council of Churches),"Bachelor, Master, Phd",Fully Funded,Always Active,united-kingdom
786,IPRA Foundation Peace Research Grants Program,Phd,Fully Funded,Always Active,united-kingdom
787,ECF (European Cultural Foundation) STEP Beyond Travel grant,Phd,Partially Funded,Always Active,united-kingdom
788,UWE Bristol International Scholarships: Postgraduate,Master,Partially Funded,Always Active,united-kingdom
789,Mawista Scholarship for Students Studying Abroad with a Child,"Bachelor, Master",Fully Funded,Always Active,united-kingdom
790,Brunel International Scholarships,"Bachelor, Master",Partially Funded,Always Active,united-kingdom
791,Wessex Institute of Technology - Research Studies,Phd,Fully Funded,Always Active,united-kingdom
792,ROTARY GLOBAL GRANTS,"Master, Phd",Fully Funded,Always Active,united-kingdom
793,Ernst Ludwig Ehrlich Studienwerk - Scholarships,"Master, Phd",Fully Funded,Always Active,united-kingdom
794,European Molecular Biology Short-Term Fellowships,Phd,Fully Funded,Always Active,united-kingdom
795,"BPP University, UK-Vice Chancellor’s Scholarship","Bachelor, Master",Partially Funded,Always Active,united-kingdom
796,John Dillon Fellowship - Australian Centre for International Agricultural Research (ACIAR),Phd,Fully Funded,Always Active,united-kingdom
797,Konrad von Moltke Research Grants for the young researchers,Phd,Fully Funded,Always Active,united-kingdom
798,Institute for Current World Affairs - FELLOWSHIPS,Phd,Fully Funded,Always Active,united-kingdom
799,Airbus Group PhD opportunities,Phd,Fully Funded,Always Active,united-kingdom
800,Adobe Research Women-in-Technology Scholarship,Bachelor,Fully Funded,Always Active,united-kingdom
801,Pirbright Institute,Phd,Not Funded,Always Active,united-kingdom
802,BATH University - Sport Scholarship Scheme,"Bachelor, Master",Partially Funded,Always Active,united-kingdom
803,"The Engineering Doctorate (EngD) - Bath and Bournemouth Universities, Centre for Doctoral Training",Phd,Partially Funded,Invalid date,united-kingdom
804,Exchange Student Programme at SOAS,Not Funded,,Always Active,united-kingdom
805,Study Abroad at SOAS,Not Funded,,Always Active,united-kingdom
806,Alliance Manchester Business School Scholarships,Master,Partially Funded,Always Active,united-kingdom
807,International Council of Ophthalmology (ICO) - Three-Month Fellowships,Phd,Fully Funded,Always Active,united-kingdom
808,Boustany Foundation - Cambridge University MBA Scholarship,Master,"£30,000",15 May 2022,united-kingdom
809,The Boehringer Ingelheim Fonds awards PhD fellowships,Phd,Fully Funded,Always Active,united-kingdom
810,The Boehringer Ingelheim Fonds - Travel grants for junior researchers,Phd,Fully Funded,Always Active,united-kingdom
811,"Paul Sumerall Memorial Scholarships, Merchants Bank of California",Master,Partially Funded,Always Active,united-kingdom
812,University of Hertfordshire - Scholarships for international students,"Master, Phd",Partially Funded,Always Active,united-kingdom
813,TransAtlantic Masters - Scholarships,Master,Not Funded,Always Active,united-kingdom
814,Euromasters Scholarships,Master,Partially Funded,Always Active,united-kingdom
815,London Met University - Funding your studies,"Master, Bachelor, Phd",Partially Funded,Always Active,united-kingdom
816,London Met University - Funding your studies,"Master, Bachelor, Phd",Partially Funded,Always Active,united-kingdom
817,Hayek Fund for Scholars - Institute for Humane Studies at George Mason University,Phd,Partially Funded,Always Active,united-kingdom
818,The Humane Studies Fellowship - Institute for Humane Studies at George Mason University,Phd,Fully Funded,Always Active,united-kingdom
819,Wessex Institute of Technology - Research Studies,Phd,Fully Funded,Always Active,united-kingdom
820,Erasmus Exchange Programme,Fully Funded,,Always Active,united-kingdom
821,YFU (Youth for Undestanding) - Youth Exchange,Not Funded,,Always Active,united-kingdom
822,Be an exchange student for 1-2 semesters,Not Funded,,Always Active,united-kingdom
823,Birmingham Masters Scholarships,Master,Partially Funded,Always Active,united-kingdom
824,Horizon 2020,Phd,Fully Funded,Always Active,united-kingdom
825,Amelia Earhart Fellowship,Phd,Fully Funded,Always Active,united-kingdom
826,The Leakey Foundation’s Research Grants to doctoral students,Phd,Fully Funded,Always Active,united-kingdom
827,Axol Science Scholarship for Graduate or Undergraduate Degree Programs,"Bachelor, Master, Phd",Fully Funded,Always Active,united-kingdom
828,ArtUniverse Scholarships,"Bachelor, Master, Phd",Partially Funded,Always Active,united-kingdom
829,High Achievers Scholarship - Edge Hill University,Bachelor,Partially Funded,Always Active,united-kingdom
830,Wolfson Postgraduate Scholarships in the Humanities - The Wolfson Foundation,Phd,Partially Funded,Always Active,united-kingdom
831,Durham Doctoral Studentships,Phd,Partially Funded,Always Active,united-kingdom
832,Sir Henry Wellcome Postdoctoral Fellowships,Phd,Fully Funded,Always Active,united-kingdom
833,Heriot-Watt Scholarships and bursaries for UK campuses,"Bachelor, Master, Phd",Partially Funded,Always Active,united-kingdom
834,The Keith Murray Senior Scholarship,Master,Course fees,22 May 2022,united-kingdom
835,Cambridge International Scholarships,,,,united-kingdom
836,Warwick Chancellor’s International Scholarships,,,,united-kingdom
837,UN-Nippon Fellowship Programme in Ocean Affairs for Coastal Developing Countries,,,,united-kingdom
838,Westminster Full Fee Scholarships for International Students,,,,united-kingdom
839,UWE Millennium Development Scholarship for International Students,,,,united-kingdom
840,Transform Together Scholarships for International and European Union (non-UK) Students,,,,united-kingdom
841,Rotary Peace Fellowships,,,,united-kingdom
842,UWE Global Student Scholarships for International Students,,,,united-kingdom
843,Bristol University International Scholarships,,,,united-kingdom
844,Rhodes Scholarships at Oxford University for International Students,,,,united-kingdom
845,Reach Oxford Scholarships for Developing Country Students,,,,united-kingdom
846,Schlumberger Cambridge Scholarships for Students from Developing Countries,,,,united-kingdom
847,University of Birmingham Scholarships for International Students,,,,united-kingdom
848,Florence Congleton Scholarships for African Women at University of Birmingham,,,,united-kingdom
849,University of Westminster Full International Scholarships,,,,united-kingdom
850,British Chevening Scholarships for International Students,,,,united-kingdom
851,Skoll MBA Scholarships at Said Business School,,,,united-kingdom
852,Career Development PhD Scholarships at University of Edinburgh,,,,united-kingdom
853,Mo Ibrahim Foundation MBA Scholarships for Sub-Saharan Africans at London Business School,,,,united-kingdom
854,Nottingham Developing Solutions Scholarships,,,,united-kingdom
855,Scholarships for International Students at University of Exeter,,,,united-kingdom
856,Desmond Tutu’s Masters Scholarships for Africans,,,,united-kingdom
857,Southern African Scholarships at University of Edinburgh,,,,united-kingdom
858,Edinburgh Global Masters Scholarships,,,,united-kingdom
859,Erasmus Mundus Scholarships in Agricultural Development and NRM,,,,united-kingdom
860,Erasmus Mundus Scholarships in Sustainable Forest and Nature Management,,,,united-kingdom
861,Westminster International Scholarships,,,,united-kingdom
862,Bristol MBA International Scholarship,,,,united-kingdom
863,LJMU Roscoe International Scholarship,,,,united-kingdom
864,Masters in Engineering Geology Scholarships at University of Leeds,,,,united-kingdom
865,Sustainability Masters Scholarships at University of Leeds,,,,united-kingdom
866,MRes in Climate and Atmospheric Science Scholarships at University of Leeds,,,,united-kingdom
867,Eira Francis Davies Scholarship at Swansea University,,,,united-kingdom
868,Swansea University International Excellence and Merit Scholarships,,,,united-kingdom
869,Westminster Disaster Regeneration Scholarship,,,,united-kingdom
870,Ruth First Scholarships for Southern Africans at Durham University,,,,united-kingdom
871,"Eldred-Waverley Scholarship at Linacre College, Oxford",,,,united-kingdom
872,Oppenheimer Fund Scholarships at University of Oxford,,,,united-kingdom
873,Oxford Pershing Square Graduate Scholarships,,,,united-kingdom
874,Rhodes Scholarships in Oxford University for Southern Africans,,,,united-kingdom
875,Nottingham Trent University Science Scholarships for Non-EU Students,,,,united-kingdom
876,Sussex Chancellor’s International Research Scholarships,,,,united-kingdom
877,UWE Chancellor’s Scholarships for International Students,,,,united-kingdom
878,Swansea University International Excellence Scholarships,,,,united-kingdom
